StackLength,Cond_OD,Cond_ID,num_Layer,Cond_Width,Cond_Height,Cond_radii,L_str,L_weld_str,g_cond_min,R_bend_side,R_bend_height,gcond_weld
120.0,181.25,154.18,6,4.678,2.507,0.5,4.0,10.0,0.5,1.5,1.5,3.0

Phase A,BranchNo,1
Pin_No,S_weld1,L_weld1,S_ins1,L_ins1,S_ins2,L_ins2,S_weld2,L_weld2,S_ins_span,S_weld_span,H_Insert_end,L_Insert_end,H_Weld_end,L1_Weld_end,L2_Weld_end
1,,,,,1,1,4.0,1,
2,4.0,2,7,2,1,3,4.0,3,6,6.0,23.85892717051481,97.41725940749991,33.85892717051481,58.250095008896864,58.250095008896864
3,4.0,4,7,4,1,5,4.0,5,6,6.0,24.113737126317506,93.68294947844733,34.1137371263175,56.348598608312265,56.348598608312265
4,4.0,6,7,6,1,6,46.0,6,6,6.0,24.27414499255165,88.24677434991162,34.274144992551655,55.015416377177154,55.015416377177154
5,46.0,5,43,5,1,4,46.0,4,6,6.0,23.97672794860846,93.66892178957468,33.976727948608456,56.44353582572195,56.44353582572195
6,46.0,3,43,3,1,2,46.0,2,6,6.0,23.7570525154283,97.42815180423014,33.7570525154283,58.331124262390574,58.331124262390574
7,46.0,1,43,1,38,1,41.0,1,5,6.0,20.791150943262707,84.40758334606103,30.791150943262707,59.742010227466096,59.742010227466096
8,41.0,2,44,2,38,3,41.0,3,6,6.0,23.85892717051481,97.41725940749991,33.85892717051481,58.250095008896864,58.250095008896864
9,41.0,4,44,4,38,5,41.0,5,6,6.0,24.113737126317506,93.68294947844733,34.1137371263175,56.348598608312265,56.348598608312265
10,41.0,6,44,6,38,6,35.0,6,6,6.0,24.27414499255165,88.24677434991162,34.274144992551655,55.015416377177154,55.015416377177154
11,35.0,5,32,5,38,4,35.0,4,6,6.0,23.97672794860846,93.66892178957468,33.976727948608456,56.44353582572195,56.44353582572195
12,35.0,3,32,3,38,2,35.0,2,6,6.0,23.7570525154283,97.42815180423014,33.7570525154283,58.331124262390574,58.331124262390574
13,35.0,1,32,1,,,,,

Phase A,BranchNo,2
Pin_No,S_weld1,L_weld1,S_ins1,L_ins1,S_ins2,L_ins2,S_weld2,L_weld2,S_ins_span,S_weld_span,H_Insert_end,L_Insert_end,H_Weld_end,L1_Weld_end,L2_Weld_end
1,,,,,2,1,5.0,1,
2,5.0,2,8,2,2,3,5.0,3,6,6.0,23.85892717051481,97.41725940749991,33.85892717051481,58.250095008896864,58.250095008896864
3,5.0,4,8,4,2,5,5.0,5,6,6.0,24.113737126317506,93.68294947844733,34.1137371263175,56.348598608312265,56.348598608312265
4,5.0,6,8,6,2,6,47.0,6,6,6.0,24.27414499255165,88.24677434991162,34.274144992551655,55.015416377177154,55.015416377177154
5,47.0,5,44,5,2,4,47.0,4,6,6.0,23.97672794860846,93.66892178957468,33.976727948608456,56.44353582572195,56.44353582572195
6,47.0,3,44,3,2,2,47.0,2,6,6.0,23.7570525154283,97.42815180423014,33.7570525154283,58.331124262390574,58.331124262390574
7,47.0,1,44,1,37,1,40.0,1,7,6.0,26.545847626159237,110.77703689346572,36.54584762615924,59.742010227466096,59.742010227466096
8,40.0,2,43,2,37,3,40.0,3,6,6.0,23.85892717051481,97.41725940749991,33.85892717051481,58.250095008896864,58.250095008896864
9,40.0,4,43,4,37,5,40.0,5,6,6.0,24.113737126317506,93.68294947844733,34.1137371263175,56.348598608312265,56.348598608312265
10,40.0,6,43,6,37,6,34.0,6,6,6.0,24.27414499255165,88.24677434991162,34.274144992551655,55.015416377177154,55.015416377177154
11,34.0,5,31,5,37,4,34.0,4,6,6.0,23.97672794860846,93.66892178957468,33.976727948608456,56.44353582572195,56.44353582572195
12,34.0,3,31,3,37,2,34.0,2,6,6.0,23.7570525154283,97.42815180423014,33.7570525154283,58.331124262390574,58.331124262390574
13,34.0,1,31,1,,,,,

Phase A,BranchNo,3
Pin_No,S_weld1,L_weld1,S_ins1,L_ins1,S_ins2,L_ins2,S_weld2,L_weld2,S_ins_span,S_weld_span,H_Insert_end,L_Insert_end,H_Weld_end,L1_Weld_end,L2_Weld_end
1,,,,,25,1,28.0,1,
2,28.0,2,31,2,25,3,28.0,3,6,6.0,23.85892717051481,97.41725940749991,33.85892717051481,58.250095008896864,58.250095008896864
3,28.0,4,31,4,25,5,28.0,5,6,6.0,24.113737126317506,93.68294947844733,34.1137371263175,56.348598608312265,56.348598608312265
4,28.0,6,31,6,25,6,22.0,6,6,6.0,24.27414499255165,88.24677434991162,34.274144992551655,55.015416377177154,55.015416377177154
5,22.0,5,19,5,25,4,22.0,4,6,6.0,23.97672794860846,93.66892178957468,33.976727948608456,56.44353582572195,56.44353582572195
6,22.0,3,19,3,25,2,22.0,2,6,6.0,23.7570525154283,97.42815180423014,33.7570525154283,58.331124262390574,58.331124262390574
7,22.0,1,19,1,14,1,17.0,1,5,6.0,20.791150943262707,84.40758334606103,30.791150943262707,59.742010227466096,59.742010227466096
8,17.0,2,20,2,14,3,17.0,3,6,6.0,23.85892717051481,97.41725940749991,33.85892717051481,58.250095008896864,58.250095008896864
9,17.0,4,20,4,14,5,17.0,5,6,6.0,24.113737126317506,93.68294947844733,34.1137371263175,56.348598608312265,56.348598608312265
10,17.0,6,20,6,14,6,11.0,6,6,6.0,24.27414499255165,88.24677434991162,34.274144992551655,55.015416377177154,55.015416377177154
11,11.0,5,8,5,14,4,11.0,4,6,6.0,23.97672794860846,93.66892178957468,33.976727948608456,56.44353582572195,56.44353582572195
12,11.0,3,8,3,14,2,11.0,2,6,6.0,23.7570525154283,97.42815180423014,33.7570525154283,58.331124262390574,58.331124262390574
13,11.0,1,8,1,,,,,

Phase A,BranchNo,4
Pin_No,S_weld1,L_weld1,S_ins1,L_ins1,S_ins2,L_ins2,S_weld2,L_weld2,S_ins_span,S_weld_span,H_Insert_end,L_Insert_end,H_Weld_end,L1_Weld_end,L2_Weld_end
1,,,,,26,1,29.0,1,
2,29.0,2,32,2,26,3,29.0,3,6,6.0,23.85892717051481,97.41725940749991,33.85892717051481,58.250095008896864,58.250095008896864
3,29.0,4,32,4,26,5,29.0,5,6,6.0,24.113737126317506,93.68294947844733,34.1137371263175,56.348598608312265,56.348598608312265
4,29.0,6,32,6,26,6,23.0,6,6,6.0,24.27414499255165,88.24677434991162,34.274144992551655,55.015416377177154,55.015416377177154
5,23.0,5,20,5,26,4,23.0,4,6,6.0,23.97672794860846,93.66892178957468,33.976727948608456,56.44353582572195,56.44353582572195
6,23.0,3,20,3,26,2,23.0,2,6,6.0,23.7570525154283,97.42815180423014,33.7570525154283,58.331124262390574,58.331124262390574
7,23.0,1,20,1,13,1,16.0,1,7,6.0,26.545847626159237,110.77703689346572,36.54584762615924,59.742010227466096,59.742010227466096
8,16.0,2,19,2,13,3,16.0,3,6,6.0,23.85892717051481,97.41725940749991,33.85892717051481,58.250095008896864,58.250095008896864
9,16.0,4,19,4,13,5,16.0,5,6,6.0,24.113737126317506,93.68294947844733,34.1137371263175,56.348598608312265,56.348598608312265
10,16.0,6,19,6,13,6,10.0,6,6,6.0,24.27414499255165,88.24677434991162,34.274144992551655,55.015416377177154,55.015416377177154
11,10.0,5,7,5,13,4,10.0,4,6,6.0,23.97672794860846,93.66892178957468,33.976727948608456,56.44353582572195,56.44353582572195
12,10.0,3,7,3,13,2,10.0,2,6,6.0,23.7570525154283,97.42815180423014,33.7570525154283,58.331124262390574,58.331124262390574
13,10.0,1,7,1,,,,,
